Name,Link
Category:Alternate Universe characters,https://arcane.fandom.com/wiki/Category:Alternate_Universe_characters
Amara,https://arcane.fandom.com/wiki/Amara
Ambessa Medarda,https://arcane.fandom.com/wiki/Ambessa_Medarda
Babette,https://arcane.fandom.com/wiki/Babette
Benzo,https://arcane.fandom.com/wiki/Benzo
Benzo (Alternate Universe),https://arcane.fandom.com/wiki/Benzo_(Alternate_Universe)
Caitlyn Kiramman,https://arcane.fandom.com/wiki/Caitlyn_Kiramman
Captured Girl,https://arcane.fandom.com/wiki/Captured_Girl
Cassandra Kiramman,https://arcane.fandom.com/wiki/Cassandra_Kiramman
Cat,https://arcane.fandom.com/wiki/Cat
Category:Deceased characters,https://arcane.fandom.com/wiki/Category:Deceased_characters
Cecil B. Heimerdinger,https://arcane.fandom.com/wiki/Cecil_B._Heimerdinger
Chross,https://arcane.fandom.com/wiki/Chross
Claggor,https://arcane.fandom.com/wiki/Claggor
Claggor/Alternate Universe,https://arcane.fandom.com/wiki/Claggor/Alternate_Universe
Deckard,https://arcane.fandom.com/wiki/Deckard
Ekko,https://arcane.fandom.com/wiki/Ekko
Elora,https://arcane.fandom.com/wiki/Elora
Eve,https://arcane.fandom.com/wiki/Eve
Finn,https://arcane.fandom.com/wiki/Finn
Gert,https://arcane.fandom.com/wiki/Gert
Gert/Alternate Universe,https://arcane.fandom.com/wiki/Gert/Alternate_Universe
Grayson,https://arcane.fandom.com/wiki/Grayson
Harold,https://arcane.fandom.com/wiki/Harold
Huck,https://arcane.fandom.com/wiki/Huck
Irius Bolbok,https://arcane.fandom.com/wiki/Irius_Bolbok
Isha,https://arcane.fandom.com/wiki/Isha
Janna,https://arcane.fandom.com/wiki/Janna
Jayce Talis,https://arcane.fandom.com/wiki/Jayce_Talis
Jinx,https://arcane.fandom.com/wiki/Jinx
Jules,https://arcane.fandom.com/wiki/Jules
Kino Medarda,https://arcane.fandom.com/wiki/Kino_Medarda
Category:League Champions,https://arcane.fandom.com/wiki/Category:League_Champions
Lest,https://arcane.fandom.com/wiki/Lest
Category:LGBTQ+ Characters,https://arcane.fandom.com/wiki/Category:LGBTQ%2B_Characters
Lock,https://arcane.fandom.com/wiki/Lock
Loris,https://arcane.fandom.com/wiki/Loris
Madam Margot,https://arcane.fandom.com/wiki/Madam_Margot
Maddie Nolen,https://arcane.fandom.com/wiki/Maddie_Nolen
Category:Main Characters,https://arcane.fandom.com/wiki/Category:Main_Characters
Marcus,https://arcane.fandom.com/wiki/Marcus
Marcus (Alternate Universe),https://arcane.fandom.com/wiki/Marcus_(Alternate_Universe)
Mel Medarda,https://arcane.fandom.com/wiki/Mel_Medarda
Mylo,https://arcane.fandom.com/wiki/Mylo
Mylo/Alternate Universe,https://arcane.fandom.com/wiki/Mylo/Alternate_Universe
Mysterious Mage,https://arcane.fandom.com/wiki/Mysterious_Mage
Orianna Reveck,https://arcane.fandom.com/wiki/Orianna_Reveck
Category:Original Characters,https://arcane.fandom.com/wiki/Category:Original_Characters
Piltover Police Department,https://arcane.fandom.com/wiki/Piltover_Police_Department
Jinx/Alternate Universe,https://arcane.fandom.com/wiki/Jinx/Alternate_Universe
Category:Presumed Deceased,https://arcane.fandom.com/wiki/Category:Presumed_Deceased
Ran,https://arcane.fandom.com/wiki/Ran
Ren,https://arcane.fandom.com/wiki/Ren
Renni,https://arcane.fandom.com/wiki/Renni
Renni's Son,https://arcane.fandom.com/wiki/Renni%27s_Son
Category:Residents of Piltover,https://arcane.fandom.com/wiki/Category:Residents_of_Piltover
Category:Residents of Zaun,https://arcane.fandom.com/wiki/Category:Residents_of_Zaun
Rictus,https://arcane.fandom.com/wiki/Rictus
Rio,https://arcane.fandom.com/wiki/Rio
Salo,https://arcane.fandom.com/wiki/Salo
Scar,https://arcane.fandom.com/wiki/Scar
Category:Season 1 characters,https://arcane.fandom.com/wiki/Category:Season_1_characters
Category:Season 2 characters,https://arcane.fandom.com/wiki/Category:Season_2_characters
Sevika,https://arcane.fandom.com/wiki/Sevika
Shimmer,https://arcane.fandom.com/wiki/Shimmer
Shimmer Rat,https://arcane.fandom.com/wiki/Shimmer_Rat
Shoola,https://arcane.fandom.com/wiki/Shoola
Silco,https://arcane.fandom.com/wiki/Silco
Silco/Alternate Universe,https://arcane.fandom.com/wiki/Silco/Alternate_Universe
Singed,https://arcane.fandom.com/wiki/Singed
Sky Young,https://arcane.fandom.com/wiki/Sky_Young
Smeech,https://arcane.fandom.com/wiki/Smeech
Steb,https://arcane.fandom.com/wiki/Steb
Swain,https://arcane.fandom.com/wiki/Swain
The Hexcore,https://arcane.fandom.com/wiki/The_Hexcore
Thieram,https://arcane.fandom.com/wiki/Thieram
Tobias Kiramman,https://arcane.fandom.com/wiki/Tobias_Kiramman
Torman Hoskel,https://arcane.fandom.com/wiki/Torman_Hoskel
Vander,https://arcane.fandom.com/wiki/Vander
Vander/Alternate Universe,https://arcane.fandom.com/wiki/Vander/Alternate_Universe
Vern,https://arcane.fandom.com/wiki/Vern
Vi,https://arcane.fandom.com/wiki/Vi
Vi and Powder's Parents,https://arcane.fandom.com/wiki/Vi_and_Powder%27s_Parents
Vi/Alternate Universe,https://arcane.fandom.com/wiki/Vi/Alternate_Universe
Viktor,https://arcane.fandom.com/wiki/Viktor
Warwick,https://arcane.fandom.com/wiki/Warwick
Ximena Talis,https://arcane.fandom.com/wiki/Ximena_Talis
